split,model,category,scope,horizon_frames,samples,mean_error_px,median_error_px,p90_error_px,improvement_vs_cv_pct
member2_canonical_tracks,constant_velocity,all,horizon,5,1668,2.3672,0.9258,6.1545,0.0
member2_canonical_tracks,constant_velocity,all,horizon,10,1668,4.8336,1.716,14.3129,0.0
member2_canonical_tracks,constant_velocity,all,horizon,15,1668,8.1079,2.3758,25.9769,0.0
member2_canonical_tracks,constant_velocity,all,horizon,30,1668,22.4963,3.9697,89.8046,0.0
member2_canonical_tracks,constant_velocity,all,ADE,30,1668,9.4512,2.2691,34.3617,0.0
member2_canonical_tracks,constant_velocity,stable,horizon,5,1506,1.9105,0.7676,4.5819,0.0
member2_canonical_tracks,constant_velocity,stable,horizon,10,1506,3.919,1.4844,10.501,0.0
member2_canonical_tracks,constant_velocity,stable,horizon,15,1506,6.6588,2.1153,20.494,0.0
member2_canonical_tracks,constant_velocity,stable,horizon,30,1506,18.4944,3.5609,75.4077,0.0
member2_canonical_tracks,constant_velocity,stable,ADE,30,1506,7.7457,2.0265,29.2717,0.0
member2_canonical_tracks,constant_velocity,turning,horizon,5,87,9.3101,6.8128,20.9802,0.0
member2_canonical_tracks,constant_velocity,turning,horizon,10,87,19.1417,14.2646,39.4114,0.0
member2_canonical_tracks,constant_velocity,turning,horizon,15,87,31.2579,23.9461,67.9797,0.0
member2_canonical_tracks,constant_velocity,turning,horizon,30,87,89.1402,77.8115,191.8998,0.0
member2_canonical_tracks,constant_velocity,turning,ADE,30,87,37.2125,34.3453,78.9433,0.0
member2_canonical_tracks,constant_velocity,speed_change,horizon,5,75,3.483,3.0727,5.476,0.0
member2_canonical_tracks,constant_velocity,speed_change,horizon,10,75,6.6023,5.7838,10.4435,0.0
member2_canonical_tracks,constant_velocity,speed_change,horizon,15,75,10.3524,8.297,16.153,0.0
member2_canonical_tracks,constant_velocity,speed_change,horizon,30,75,25.5469,17.6326,63.8609,0.0
member2_canonical_tracks,constant_velocity,speed_change,ADE,30,75,11.4961,8.9741,20.8929,0.0
member2_canonical_tracks,constant_velocity,dynamic,horizon,5,162,6.6123,4.1733,16.2614,0.0
member2_canonical_tracks,constant_velocity,dynamic,horizon,10,162,13.3364,7.8668,34.201,0.0
member2_canonical_tracks,constant_velocity,dynamic,horizon,15,162,21.5794,13.6083,47.8345,0.0
member2_canonical_tracks,constant_velocity,dynamic,horizon,30,162,59.6989,27.7626,151.0951,0.0
member2_canonical_tracks,constant_velocity,dynamic,ADE,30,162,25.3068,15.1122,59.2291,0.0
member2_canonical_tracks,local_history_ungated,all,horizon,5,1668,2.248,0.8037,6.3059,5.035
member2_canonical_tracks,local_history_ungated,all,horizon,10,1668,4.4846,1.4768,13.951,7.2208
member2_canonical_tracks,local_history_ungated,all,horizon,15,1668,7.3333,2.0727,24.4521,9.5545
member2_canonical_tracks,local_history_ungated,all,horizon,30,1668,20.0902,3.7868,76.9767,10.6953
member2_canonical_tracks,local_history_ungated,all,ADE,30,1668,8.539,2.1024,30.41,9.652
member2_canonical_tracks,local_history_ungated,stable,horizon,5,1506,1.8584,0.6803,4.4183,2.7276
member2_canonical_tracks,local_history_ungated,stable,horizon,10,1506,3.6551,1.3001,9.7224,6.7332
member2_canonical_tracks,local_history_ungated,stable,horizon,15,1506,5.9997,1.8325,18.1667,9.8976
member2_canonical_tracks,local_history_ungated,stable,horizon,30,1506,16.484,3.2917,61.2053,10.8705
member2_canonical_tracks,local_history_ungated,stable,ADE,30,1506,6.9993,1.806,24.9601,9.636
member2_canonical_tracks,local_history_ungated,turning,horizon,5,87,8.5926,6.5083,19.2461,7.7063
member2_canonical_tracks,local_history_ungated,turning,horizon,10,87,18.0225,14.4919,36.167,5.8467
member2_canonical_tracks,local_history_ungated,turning,horizon,15,87,29.1709,25.5629,60.2526,6.6767
member2_canonical_tracks,local_history_ungated,turning,horizon,30,87,80.5918,72.9455,163.4078,9.5899
member2_canonical_tracks,local_history_ungated,turning,ADE,30,87,34.0944,29.5793,68.4417,8.379
member2_canonical_tracks,local_history_ungated,speed_change,horizon,5,75,2.7109,2.2534,4.6079,22.166
member2_canonical_tracks,local_history_ungated,speed_change,horizon,10,75,5.4368,4.4956,9.0459,17.6527
member2_canonical_tracks,local_history_ungated,speed_change,horizon,15,75,8.7786,6.5915,14.1264,15.2023
member2_canonical_tracks,local_history_ungated,speed_change,horizon,30,75,22.3223,15.6608,48.6033,12.6222
member2_canonical_tracks,local_history_ungated,speed_change,ADE,30,75,9.8122,7.5903,16.8768,14.6482
member2_canonical_tracks,local_history_ungated,dynamic,horizon,5,162,5.8696,3.4033,14.5915,11.2325
member2_canonical_tracks,local_history_ungated,dynamic,horizon,10,162,12.1958,7.296,29.4587,8.5526
member2_canonical_tracks,local_history_ungated,dynamic,horizon,15,162,19.73,12.4084,45.9001,8.5703
member2_canonical_tracks,local_history_ungated,dynamic,horizon,30,162,53.6152,24.9059,138.6382,10.1906
member2_canonical_tracks,local_history_ungated,dynamic,ADE,30,162,22.8526,13.7924,55.3456,9.6975
member2_canonical_tracks,local_history_gated,all,horizon,5,1668,2.295,0.9215,6.0448,3.0473
member2_canonical_tracks,local_history_gated,all,horizon,10,1668,4.7228,1.7123,14.1952,2.2918
member2_canonical_tracks,local_history_gated,all,horizon,15,1668,7.9283,2.3704,26.7734,2.2154
member2_canonical_tracks,local_history_gated,all,horizon,30,1668,21.9054,3.9697,88.2747,2.6265
member2_canonical_tracks,local_history_gated,all,ADE,30,1668,9.2129,2.2691,34.0899,2.5219
member2_canonical_tracks,local_history_gated,stable,horizon,5,1506,1.9105,0.7676,4.5819,0.0
member2_canonical_tracks,local_history_gated,stable,horizon,10,1506,3.919,1.4844,10.501,0.0
member2_canonical_tracks,local_history_gated,stable,horizon,15,1506,6.6588,2.1153,20.494,0.0
member2_canonical_tracks,local_history_gated,stable,horizon,30,1506,18.4944,3.5609,75.4077,0.0
member2_canonical_tracks,local_history_gated,stable,ADE,30,1506,7.7457,2.0265,29.2717,0.0
member2_canonical_tracks,local_history_gated,turning,horizon,5,87,8.5926,6.5083,19.2461,7.7063
member2_canonical_tracks,local_history_gated,turning,horizon,10,87,18.0225,14.4919,36.167,5.8467
member2_canonical_tracks,local_history_gated,turning,horizon,15,87,29.1709,25.5629,60.2526,6.6767
member2_canonical_tracks,local_history_gated,turning,horizon,30,87,80.5918,72.9455,163.4078,9.5899
member2_canonical_tracks,local_history_gated,turning,ADE,30,87,34.0944,29.5793,68.4417,8.379
member2_canonical_tracks,local_history_gated,speed_change,horizon,5,75,2.7109,2.2534,4.6079,22.166
member2_canonical_tracks,local_history_gated,speed_change,horizon,10,75,5.4368,4.4956,9.0459,17.6527
member2_canonical_tracks,local_history_gated,speed_change,horizon,15,75,8.7786,6.5915,14.1264,15.2023
member2_canonical_tracks,local_history_gated,speed_change,horizon,30,75,22.3223,15.6608,48.6033,12.6222
member2_canonical_tracks,local_history_gated,speed_change,ADE,30,75,9.8122,7.5903,16.8768,14.6482
member2_canonical_tracks,local_history_gated,dynamic,horizon,5,162,5.8696,3.4033,14.5915,11.2325
member2_canonical_tracks,local_history_gated,dynamic,horizon,10,162,12.1958,7.296,29.4587,8.5526
member2_canonical_tracks,local_history_gated,dynamic,horizon,15,162,19.73,12.4084,45.9001,8.5703
member2_canonical_tracks,local_history_gated,dynamic,horizon,30,162,53.6152,24.9059,138.6382,10.1906
member2_canonical_tracks,local_history_gated,dynamic,ADE,30,162,22.8526,13.7924,55.3456,9.6975
member2_canonical_tracks2,constant_velocity,all,horizon,5,5400,3.2924,2.4105,6.6258,0.0
member2_canonical_tracks2,constant_velocity,all,horizon,10,5400,7.2835,5.0329,15.539,0.0
member2_canonical_tracks2,constant_velocity,all,horizon,15,5400,12.9266,8.5196,28.74,0.0
member2_canonical_tracks2,constant_velocity,all,horizon,30,5400,46.8287,29.9483,116.0362,0.0
member2_canonical_tracks2,constant_velocity,all,ADE,30,5400,17.5828,11.7228,39.8671,0.0
member2_canonical_tracks2,constant_velocity,stable,horizon,5,2906,3.3799,2.2952,7.3214,0.0
member2_canonical_tracks2,constant_velocity,stable,horizon,10,2906,8.0197,5.1393,18.2676,0.0
member2_canonical_tracks2,constant_velocity,stable,horizon,15,2906,15.1981,10.0428,36.1391,0.0
member2_canonical_tracks2,constant_velocity,stable,horizon,30,2906,59.8865,43.9354,134.0909,0.0
member2_canonical_tracks2,constant_velocity,stable,ADE,30,2906,21.6211,15.9246,46.931,0.0
member2_canonical_tracks2,constant_velocity,turning,horizon,5,1687,3.1461,2.4936,5.8508,0.0
member2_canonical_tracks2,constant_velocity,turning,horizon,10,1687,6.0282,4.605,11.201,0.0
member2_canonical_tracks2,constant_velocity,turning,horizon,15,1687,9.3076,6.8676,17.6119,0.0
member2_canonical_tracks2,constant_velocity,turning,horizon,30,1687,26.0319,18.9602,52.7119,0.0
member2_canonical_tracks2,constant_velocity,turning,ADE,30,1687,11.1284,8.3565,21.2118,0.0
member2_canonical_tracks2,constant_velocity,speed_change,horizon,5,807,3.2832,2.5899,6.4109,0.0
member2_canonical_tracks2,constant_velocity,speed_change,horizon,10,807,7.2567,5.6602,15.1414,0.0
member2_canonical_tracks2,constant_velocity,speed_change,horizon,15,807,12.3124,9.2074,26.7708,0.0
member2_canonical_tracks2,constant_velocity,speed_change,horizon,30,807,43.2827,28.3043,104.1299,0.0
member2_canonical_tracks2,constant_velocity,speed_change,ADE,30,807,16.5337,11.4297,36.6907,0.0
member2_canonical_tracks2,constant_velocity,dynamic,horizon,5,2494,3.1904,2.5148,5.9729,0.0
member2_canonical_tracks2,constant_velocity,dynamic,horizon,10,2494,6.4257,4.9006,12.5708,0.0
member2_canonical_tracks2,constant_velocity,dynamic,horizon,15,2494,10.2799,7.5144,20.6572,0.0
member2_canonical_tracks2,constant_velocity,dynamic,horizon,30,2494,31.6138,20.7929,76.0934,0.0
member2_canonical_tracks2,constant_velocity,dynamic,ADE,30,2494,12.8775,9.0329,27.7853,0.0
member2_canonical_tracks2,local_history_ungated,all,horizon,5,5400,3.0864,2.3104,6.0625,6.2555
member2_canonical_tracks2,local_history_ungated,all,horizon,10,5400,6.5916,4.4881,14.1121,9.4992
member2_canonical_tracks2,local_history_ungated,all,horizon,15,5400,11.146,7.1675,24.6027,13.7751
member2_canonical_tracks2,local_history_ungated,all,horizon,30,5400,39.8211,24.5831,99.1433,14.9644
member2_canonical_tracks2,local_history_ungated,all,ADE,30,5400,15.1613,10.0361,34.1557,13.7722
member2_canonical_tracks2,local_history_ungated,stable,horizon,5,2906,3.145,2.2569,6.4588,6.9516
member2_canonical_tracks2,local_history_ungated,stable,horizon,10,2906,7.0612,4.5799,15.6749,11.9518
member2_canonical_tracks2,local_history_ungated,stable,horizon,15,2906,12.6498,7.8349,29.7095,16.7673
member2_canonical_tracks2,local_history_ungated,stable,horizon,30,2906,50.2132,35.0874,115.9075,16.1527
member2_canonical_tracks2,local_history_ungated,stable,ADE,30,2906,18.2673,13.2115,40.2721,15.5116
member2_canonical_tracks2,local_history_ungated,turning,horizon,5,1687,2.8858,2.2599,5.2734,8.2715
member2_canonical_tracks2,local_history_ungated,turning,horizon,10,1687,5.5111,4.1563,10.5458,8.5788
member2_canonical_tracks2,local_history_ungated,turning,horizon,15,1687,8.3089,6.0298,15.9813,10.7301
member2_canonical_tracks2,local_history_ungated,turning,horizon,30,1687,22.5274,15.6168,46.1546,13.462
member2_canonical_tracks2,local_history_ungated,turning,ADE,30,1687,9.8083,7.1579,19.1447,11.8626
member2_canonical_tracks2,local_history_ungated,speed_change,horizon,5,807,3.2951,2.5934,6.4778,-0.3637
member2_canonical_tracks2,local_history_ungated,speed_change,horizon,10,807,7.1596,5.3029,15.1108,1.3376
member2_canonical_tracks2,local_history_ungated,speed_change,horizon,15,807,11.6614,8.422,25.7277,5.2872
member2_canonical_tracks2,local_history_ungated,speed_change,horizon,30,807,38.5507,24.7564,93.3352,10.9326
member2_canonical_tracks2,local_history_ungated,speed_change,ADE,30,807,15.1667,10.6052,34.436,8.268
member2_canonical_tracks2,local_history_ungated,dynamic,horizon,5,2494,3.0183,2.3558,5.7127,5.3961
member2_canonical_tracks2,local_history_ungated,dynamic,horizon,10,2494,6.0445,4.4184,12.1178,5.9327
member2_canonical_tracks2,local_history_ungated,dynamic,horizon,15,2494,9.3937,6.5897,19.2094,8.6207
member2_canonical_tracks2,local_history_ungated,dynamic,horizon,30,2494,27.7122,17.4864,67.7315,12.3415
member2_canonical_tracks2,local_history_ungated,dynamic,ADE,30,2494,11.5422,7.729,25.2804,10.3692
member2_canonical_tracks2,local_history_gated,all,horizon,5,5400,3.2129,2.3191,6.5358,2.415
member2_canonical_tracks2,local_history_gated,all,horizon,10,5400,7.1074,4.7641,15.3438,2.4173
member2_canonical_tracks2,local_history_gated,all,horizon,15,5400,12.5174,8.0215,28.3604,3.1663
member2_canonical_tracks2,local_history_gated,all,horizon,30,5400,45.0267,27.7614,114.5059,3.848
member2_canonical_tracks2,local_history_gated,all,ADE,30,5400,16.9661,11.0668,39.0747,3.5075
member2_canonical_tracks2,local_history_gated,stable,horizon,5,2906,3.3799,2.2952,7.3214,0.0
member2_canonical_tracks2,local_history_gated,stable,horizon,10,2906,8.0197,5.1393,18.2676,0.0
member2_canonical_tracks2,local_history_gated,stable,horizon,15,2906,15.1981,10.0428,36.1391,0.0
member2_canonical_tracks2,local_history_gated,stable,horizon,30,2906,59.8865,43.9354,134.0909,0.0
member2_canonical_tracks2,local_history_gated,stable,ADE,30,2906,21.6211,15.9246,46.931,0.0
member2_canonical_tracks2,local_history_gated,turning,horizon,5,1687,2.8858,2.2599,5.2734,8.2715
member2_canonical_tracks2,local_history_gated,turning,horizon,10,1687,5.5111,4.1563,10.5458,8.5788
member2_canonical_tracks2,local_history_gated,turning,horizon,15,1687,8.3089,6.0298,15.9813,10.7301
member2_canonical_tracks2,local_history_gated,turning,horizon,30,1687,22.5274,15.6168,46.1546,13.462
member2_canonical_tracks2,local_history_gated,turning,ADE,30,1687,9.8083,7.1579,19.1447,11.8626
member2_canonical_tracks2,local_history_gated,speed_change,horizon,5,807,3.2951,2.5934,6.4778,-0.3637
member2_canonical_tracks2,local_history_gated,speed_change,horizon,10,807,7.1596,5.3029,15.1108,1.3376
member2_canonical_tracks2,local_history_gated,speed_change,horizon,15,807,11.6614,8.422,25.7277,5.2872
member2_canonical_tracks2,local_history_gated,speed_change,horizon,30,807,38.5507,24.7564,93.3352,10.9326
member2_canonical_tracks2,local_history_gated,speed_change,ADE,30,807,15.1667,10.6052,34.436,8.268
member2_canonical_tracks2,local_history_gated,dynamic,horizon,5,2494,3.0183,2.3558,5.7127,5.3961
member2_canonical_tracks2,local_history_gated,dynamic,horizon,10,2494,6.0445,4.4184,12.1178,5.9327
member2_canonical_tracks2,local_history_gated,dynamic,horizon,15,2494,9.3937,6.5897,19.2094,8.6207
member2_canonical_tracks2,local_history_gated,dynamic,horizon,30,2494,27.7122,17.4864,67.7315,12.3415
member2_canonical_tracks2,local_history_gated,dynamic,ADE,30,2494,11.5422,7.729,25.2804,10.3692
member2_canonical_tracks3,constant_velocity,all,horizon,5,5554,3.55,2.5878,7.3505,0.0
member2_canonical_tracks3,constant_velocity,all,horizon,10,5554,6.9859,4.8695,14.9975,0.0
member2_canonical_tracks3,constant_velocity,all,horizon,15,5554,11.4137,7.5002,26.3539,0.0
member2_canonical_tracks3,constant_velocity,all,horizon,30,5554,30.1952,18.0132,75.4989,0.0
member2_canonical_tracks3,constant_velocity,all,ADE,30,5554,13.0362,8.3251,30.8932,0.0
member2_canonical_tracks3,constant_velocity,stable,horizon,5,3215,3.4517,2.3423,7.5641,0.0
member2_canonical_tracks3,constant_velocity,stable,horizon,10,3215,7.2366,4.5006,17.5975,0.0
member2_canonical_tracks3,constant_velocity,stable,horizon,15,3215,12.4467,7.2686,32.2976,0.0
member2_canonical_tracks3,constant_velocity,stable,horizon,30,3215,34.8823,19.5166,94.7795,0.0
member2_canonical_tracks3,constant_velocity,stable,ADE,30,3215,14.5043,8.3705,38.644,0.0
member2_canonical_tracks3,constant_velocity,turning,horizon,5,1816,3.7191,2.9049,7.0554,0.0
member2_canonical_tracks3,constant_velocity,turning,horizon,10,1816,6.8481,5.2876,13.167,0.0
member2_canonical_tracks3,constant_velocity,turning,horizon,15,1816,10.3628,8.0337,20.1255,0.0
member2_canonical_tracks3,constant_velocity,turning,horizon,30,1816,24.894,17.8494,49.5016,0.0
member2_canonical_tracks3,constant_velocity,turning,ADE,30,1816,11.456,8.457,22.4122,0.0
member2_canonical_tracks3,constant_velocity,speed_change,horizon,5,523,3.5668,2.853,6.7284,0.0
member2_canonical_tracks3,constant_velocity,speed_change,horizon,10,523,5.9232,4.8962,10.6478,0.0
member2_canonical_tracks3,constant_velocity,speed_change,horizon,15,523,8.7121,7.0637,15.3892,0.0
member2_canonical_tracks3,constant_velocity,speed_change,horizon,30,523,19.7899,15.0994,38.1995,0.0
member2_canonical_tracks3,constant_velocity,speed_change,ADE,30,523,9.498,7.7161,16.692,0.0
member2_canonical_tracks3,constant_velocity,dynamic,horizon,5,2339,3.6851,2.8972,6.9861,0.0
member2_canonical_tracks3,constant_velocity,dynamic,horizon,10,2339,6.6413,5.1785,12.5687,0.0
member2_canonical_tracks3,constant_velocity,dynamic,horizon,15,2339,9.9937,7.7134,19.028,0.0
member2_canonical_tracks3,constant_velocity,dynamic,horizon,30,2339,23.7527,17.0641,47.3425,0.0
member2_canonical_tracks3,constant_velocity,dynamic,ADE,30,2339,11.0182,8.2954,21.2795,0.0
member2_canonical_tracks3,local_history_ungated,all,horizon,5,5554,3.3234,2.4154,6.7262,6.3827
member2_canonical_tracks3,local_history_ungated,all,horizon,10,5554,6.156,4.3153,12.6404,11.8804
member2_canonical_tracks3,local_history_ungated,all,horizon,15,5554,9.582,6.5479,20.3483,16.0476
member2_canonical_tracks3,local_history_ungated,all,horizon,30,5554,23.821,14.9965,53.9305,21.1102
member2_canonical_tracks3,local_history_ungated,all,ADE,30,5554,10.7206,7.0643,22.8508,17.7629
member2_canonical_tracks3,local_history_ungated,stable,horizon,5,3215,3.3541,2.2485,7.4831,2.8277
member2_canonical_tracks3,local_history_ungated,stable,horizon,10,3215,6.4393,4.1641,14.4251,11.0172
member2_canonical_tracks3,local_history_ungated,stable,horizon,15,3215,10.3218,6.4027,24.6431,17.0722
member2_canonical_tracks3,local_history_ungated,stable,horizon,30,3215,26.8308,15.6956,66.3343,23.0821
member2_canonical_tracks3,local_history_ungated,stable,ADE,30,3215,11.7365,7.1346,28.4318,19.0829
member2_canonical_tracks3,local_history_ungated,turning,horizon,5,1816,3.3231,2.6079,6.2246,10.6468
member2_canonical_tracks3,local_history_ungated,turning,horizon,10,1816,5.9096,4.597,11.1238,13.705
member2_canonical_tracks3,local_history_ungated,turning,horizon,15,1816,8.73,6.7442,16.623,15.7562
member2_canonical_tracks3,local_history_ungated,turning,horizon,30,1816,20.2544,14.6896,39.1221,18.6373
member2_canonical_tracks3,local_history_ungated,turning,ADE,30,1816,9.5543,7.0782,17.8587,16.6002
member2_canonical_tracks3,local_history_ungated,speed_change,horizon,5,523,3.1355,2.4498,6.0803,12.0926
member2_canonical_tracks3,local_history_ungated,speed_change,horizon,10,523,5.2694,4.0952,10.0066,11.0384
member2_canonical_tracks3,local_history_ungated,speed_change,horizon,15,523,7.9932,6.388,15.1682,8.2519
member2_canonical_tracks3,local_history_ungated,speed_change,horizon,30,523,17.7031,14.0255,29.7986,10.5445
member2_canonical_tracks3,local_history_ungated,speed_change,ADE,30,523,8.5253,6.9087,15.6615,10.2411
member2_canonical_tracks3,local_history_ungated,dynamic,horizon,5,2339,3.2812,2.5701,6.2052,10.9597
member2_canonical_tracks3,local_history_ungated,dynamic,horizon,10,2339,5.7665,4.5088,10.8909,13.1732
member2_canonical_tracks3,local_history_ungated,dynamic,horizon,15,2339,8.5653,6.6722,16.3292,14.2934
member2_canonical_tracks3,local_history_ungated,dynamic,horizon,30,2339,19.684,14.4551,37.0109,17.1297
member2_canonical_tracks3,local_history_ungated,dynamic,ADE,30,2339,9.3242,7.0288,17.3009,15.3745
member2_canonical_tracks3,local_history_gated,all,horizon,5,5554,3.3799,2.4511,6.8824,4.7912
member2_canonical_tracks3,local_history_gated,all,horizon,10,5554,6.6175,4.5018,14.0908,5.2741
member2_canonical_tracks3,local_history_gated,all,horizon,15,5554,10.8121,6.9494,25.1988,5.2706
member2_canonical_tracks3,local_history_gated,all,horizon,30,5554,28.4817,16.3154,72.2621,5.6748
member2_canonical_tracks3,local_history_gated,all,ADE,30,5554,12.3228,7.5987,29.237,5.4725
member2_canonical_tracks3,local_history_gated,stable,horizon,5,3215,3.4517,2.3423,7.5641,0.0
member2_canonical_tracks3,local_history_gated,stable,horizon,10,3215,7.2366,4.5006,17.5975,0.0
member2_canonical_tracks3,local_history_gated,stable,horizon,15,3215,12.4467,7.2686,32.2976,0.0
member2_canonical_tracks3,local_history_gated,stable,horizon,30,3215,34.8823,19.5166,94.7795,0.0
member2_canonical_tracks3,local_history_gated,stable,ADE,30,3215,14.5043,8.3705,38.644,0.0
member2_canonical_tracks3,local_history_gated,turning,horizon,5,1816,3.3231,2.6079,6.2246,10.6468
member2_canonical_tracks3,local_history_gated,turning,horizon,10,1816,5.9096,4.597,11.1238,13.705
member2_canonical_tracks3,local_history_gated,turning,horizon,15,1816,8.73,6.7442,16.623,15.7562
member2_canonical_tracks3,local_history_gated,turning,horizon,30,1816,20.2544,14.6896,39.1221,18.6373
member2_canonical_tracks3,local_history_gated,turning,ADE,30,1816,9.5543,7.0782,17.8587,16.6002
member2_canonical_tracks3,local_history_gated,speed_change,horizon,5,523,3.1355,2.4498,6.0803,12.0926
member2_canonical_tracks3,local_history_gated,speed_change,horizon,10,523,5.2694,4.0952,10.0066,11.0384
member2_canonical_tracks3,local_history_gated,speed_change,horizon,15,523,7.9932,6.388,15.1682,8.2519
member2_canonical_tracks3,local_history_gated,speed_change,horizon,30,523,17.7031,14.0255,29.7986,10.5445
member2_canonical_tracks3,local_history_gated,speed_change,ADE,30,523,8.5253,6.9087,15.6615,10.2411
member2_canonical_tracks3,local_history_gated,dynamic,horizon,5,2339,3.2812,2.5701,6.2052,10.9597
member2_canonical_tracks3,local_history_gated,dynamic,horizon,10,2339,5.7665,4.5088,10.8909,13.1732
member2_canonical_tracks3,local_history_gated,dynamic,horizon,15,2339,8.5653,6.6722,16.3292,14.2934
member2_canonical_tracks3,local_history_gated,dynamic,horizon,30,2339,19.684,14.4551,37.0109,17.1297
member2_canonical_tracks3,local_history_gated,dynamic,ADE,30,2339,9.3242,7.0288,17.3009,15.3745
member2_canonical_tracks4,constant_velocity,all,horizon,5,21786,4.1645,2.9331,8.5456,0.0
member2_canonical_tracks4,constant_velocity,all,horizon,10,21786,8.9301,5.7218,20.42,0.0
member2_canonical_tracks4,constant_velocity,all,horizon,15,21786,16.1732,9.0687,40.0235,0.0
member2_canonical_tracks4,constant_velocity,all,horizon,30,21786,55.7607,23.3681,155.0566,0.0
member2_canonical_tracks4,constant_velocity,all,ADE,30,21786,21.2571,10.6239,55.6769,0.0
member2_canonical_tracks4,constant_velocity,stable,horizon,5,13947,3.8109,2.5542,8.4351,0.0
member2_canonical_tracks4,constant_velocity,stable,horizon,10,13947,9.004,5.1706,22.7169,0.0
member2_canonical_tracks4,constant_velocity,stable,horizon,15,13947,17.39,8.6986,46.9666,0.0
member2_canonical_tracks4,constant_velocity,stable,horizon,30,13947,65.3817,26.6418,187.2943,0.0
member2_canonical_tracks4,constant_velocity,stable,ADE,30,13947,23.8967,11.1079,65.7348,0.0
member2_canonical_tracks4,constant_velocity,turning,horizon,5,6222,4.6832,3.4764,8.5537,0.0
member2_canonical_tracks4,constant_velocity,turning,horizon,10,6222,8.7641,6.3555,16.0541,0.0
member2_canonical_tracks4,constant_velocity,turning,horizon,15,6222,14.0333,9.5785,27.1667,0.0
member2_canonical_tracks4,constant_velocity,turning,horizon,30,6222,39.1497,21.8913,80.8346,0.0
member2_canonical_tracks4,constant_velocity,turning,ADE,30,6222,16.6576,10.4749,33.3356,0.0
member2_canonical_tracks4,constant_velocity,speed_change,horizon,5,1617,5.2184,3.2436,9.5131,0.0
member2_canonical_tracks4,constant_velocity,speed_change,horizon,10,1617,8.9323,5.9103,16.9784,0.0
member2_canonical_tracks4,constant_velocity,speed_change,horizon,15,1617,13.9113,8.8954,27.9708,0.0
member2_canonical_tracks4,constant_velocity,speed_change,horizon,30,1617,36.6942,18.6844,77.862,0.0
member2_canonical_tracks4,constant_velocity,speed_change,ADE,30,1617,16.189,9.3998,31.8058,0.0
member2_canonical_tracks4,constant_velocity,dynamic,horizon,5,7839,4.7936,3.4332,8.6846,0.0
member2_canonical_tracks4,constant_velocity,dynamic,horizon,10,7839,8.7988,6.2556,16.1541,0.0
member2_canonical_tracks4,constant_velocity,dynamic,horizon,15,7839,14.0081,9.4246,27.4035,0.0
member2_canonical_tracks4,constant_velocity,dynamic,horizon,30,7839,38.6432,21.2883,80.2941,0.0
member2_canonical_tracks4,constant_velocity,dynamic,ADE,30,7839,16.5609,10.2359,32.9941,0.0
member2_canonical_tracks4,local_history_ungated,all,horizon,5,21786,3.7017,2.5912,7.4419,11.1136
member2_canonical_tracks4,local_history_ungated,all,horizon,10,21786,7.5106,4.838,16.671,15.8957
member2_canonical_tracks4,local_history_ungated,all,horizon,15,21786,13.2171,7.6414,31.5261,18.2775
member2_canonical_tracks4,local_history_ungated,all,horizon,30,21786,47.5902,20.8782,127.9054,14.6529
member2_canonical_tracks4,local_history_ungated,all,ADE,30,21786,18.0049,9.2864,45.2929,15.2995
member2_canonical_tracks4,local_history_ungated,stable,horizon,5,13947,3.3438,2.2781,7.2515,12.2573
member2_canonical_tracks4,local_history_ungated,stable,horizon,10,13947,7.3268,4.2994,17.9052,18.6273
member2_canonical_tracks4,local_history_ungated,stable,horizon,15,13947,13.6644,7.0131,36.0969,21.4241
member2_canonical_tracks4,local_history_ungated,stable,horizon,30,13947,54.5554,22.2202,154.322,16.5587
member2_canonical_tracks4,local_history_ungated,stable,ADE,30,13947,19.7226,9.276,53.9608,17.4672
member2_canonical_tracks4,local_history_ungated,turning,horizon,5,6222,4.2134,3.0684,7.6256,10.032
member2_canonical_tracks4,local_history_ungated,turning,horizon,10,6222,7.7387,5.4691,14.473,11.6992
member2_canonical_tracks4,local_history_ungated,turning,horizon,15,6222,12.2969,8.3328,23.5801,12.3736
member2_canonical_tracks4,local_history_ungated,turning,horizon,30,6222,35.2613,20.0398,72.1257,9.9322
member2_canonical_tracks4,local_history_ungated,turning,ADE,30,6222,14.8776,9.3921,29.6012,10.6859
member2_canonical_tracks4,local_history_ungated,speed_change,horizon,5,1617,4.8195,2.9215,8.9472,7.6442
member2_canonical_tracks4,local_history_ungated,speed_change,horizon,10,1617,8.2187,5.2708,15.7439,7.9892
member2_canonical_tracks4,local_history_ungated,speed_change,horizon,15,1617,12.9004,8.0127,24.9868,7.2668
member2_canonical_tracks4,local_history_ungated,speed_change,horizon,30,1617,34.9537,18.7212,70.8406,4.7434
member2_canonical_tracks4,local_history_ungated,speed_change,ADE,30,1617,15.223,8.7703,31.6046,5.967
member2_canonical_tracks4,local_history_ungated,dynamic,horizon,5,7839,4.3384,3.0301,7.8425,9.4958
member2_canonical_tracks4,local_history_ungated,dynamic,horizon,10,7839,7.8377,5.4189,14.6058,10.9223
member2_canonical_tracks4,local_history_ungated,dynamic,horizon,15,7839,12.4214,8.2826,23.9237,11.3275
member2_canonical_tracks4,local_history_ungated,dynamic,horizon,30,7839,35.1978,19.7329,71.9518,8.9159
member2_canonical_tracks4,local_history_ungated,dynamic,ADE,30,7839,14.9488,9.2929,29.8294,9.7343
member2_canonical_tracks4,local_history_gated,all,horizon,5,21786,4.0007,2.7611,8.2219,3.933
member2_canonical_tracks4,local_history_gated,all,horizon,10,21786,8.5843,5.3022,19.9622,3.8722
member2_canonical_tracks4,local_history_gated,all,horizon,15,21786,15.6022,8.4474,39.0297,3.5302
member2_canonical_tracks4,local_history_gated,all,horizon,30,21786,54.521,22.408,150.6447,2.2233
member2_canonical_tracks4,local_history_gated,all,ADE,30,21786,20.6771,10.0033,54.0782,2.7288
member2_canonical_tracks4,local_history_gated,stable,horizon,5,13947,3.8109,2.5542,8.4351,0.0
member2_canonical_tracks4,local_history_gated,stable,horizon,10,13947,9.004,5.1706,22.7169,0.0
member2_canonical_tracks4,local_history_gated,stable,horizon,15,13947,17.39,8.6986,46.9666,0.0
member2_canonical_tracks4,local_history_gated,stable,horizon,30,13947,65.3817,26.6418,187.2943,0.0
member2_canonical_tracks4,local_history_gated,stable,ADE,30,13947,23.8967,11.1079,65.7348,0.0
member2_canonical_tracks4,local_history_gated,turning,horizon,5,6222,4.2134,3.0684,7.6256,10.032
member2_canonical_tracks4,local_history_gated,turning,horizon,10,6222,7.7387,5.4691,14.473,11.6992
member2_canonical_tracks4,local_history_gated,turning,horizon,15,6222,12.2969,8.3328,23.5801,12.3736
member2_canonical_tracks4,local_history_gated,turning,horizon,30,6222,35.2613,20.0398,72.1257,9.9322
member2_canonical_tracks4,local_history_gated,turning,ADE,30,6222,14.8776,9.3921,29.6012,10.6859
member2_canonical_tracks4,local_history_gated,speed_change,horizon,5,1617,4.8195,2.9215,8.9472,7.6442
member2_canonical_tracks4,local_history_gated,speed_change,horizon,10,1617,8.2187,5.2708,15.7439,7.9892
member2_canonical_tracks4,local_history_gated,speed_change,horizon,15,1617,12.9004,8.0127,24.9868,7.2668
member2_canonical_tracks4,local_history_gated,speed_change,horizon,30,1617,34.9537,18.7212,70.8406,4.7434
member2_canonical_tracks4,local_history_gated,speed_change,ADE,30,1617,15.223,8.7703,31.6046,5.967
member2_canonical_tracks4,local_history_gated,dynamic,horizon,5,7839,4.3384,3.0301,7.8425,9.4958
member2_canonical_tracks4,local_history_gated,dynamic,horizon,10,7839,7.8377,5.4189,14.6058,10.9223
member2_canonical_tracks4,local_history_gated,dynamic,horizon,15,7839,12.4214,8.2826,23.9237,11.3275
member2_canonical_tracks4,local_history_gated,dynamic,horizon,30,7839,35.1978,19.7329,71.9518,8.9159
member2_canonical_tracks4,local_history_gated,dynamic,ADE,30,7839,14.9488,9.2929,29.8294,9.7343
