split,model,scope,horizon_frames,horizon_seconds,samples,mean_error_px,rmse_px,median_error_px,p90_error_px,improvement_vs_cv_pct
member2_canonical_tracks,constant_velocity,horizon,5,0.2,1564,1.9528,3.8857,0.8808,4.431,0.0
member2_canonical_tracks,constant_velocity,horizon,10,0.4,1564,3.8642,7.6378,1.6349,9.676,0.0
member2_canonical_tracks,constant_velocity,horizon,15,0.6,1564,6.3129,12.8568,2.2617,17.8678,0.0
member2_canonical_tracks,constant_velocity,horizon,30,1.2,1564,17.4362,40.2637,3.8033,67.5527,0.0
member2_canonical_tracks,constant_velocity,horizon,45,1.8,1564,33.8209,82.5139,5.204,144.1019,0.0
member2_canonical_tracks,constant_velocity,ADE,45,1.8,1564,12.6774,28.8944,2.7089,51.8029,0.0
member2_canonical_tracks,constant_acceleration,horizon,5,0.2,1564,2.8151,5.3475,1.2999,6.9001,-44.1542
member2_canonical_tracks,constant_acceleration,horizon,10,0.4,1564,9.2915,17.462,4.1158,23.7785,-140.4532
member2_canonical_tracks,constant_acceleration,horizon,15,0.6,1564,19.9731,37.8232,8.7884,49.919,-216.3842
member2_canonical_tracks,constant_acceleration,horizon,30,1.2,1564,78.4188,148.9093,34.7563,200.9472,-349.7467
member2_canonical_tracks,constant_acceleration,horizon,45,1.8,1564,176.6018,334.8558,77.0863,445.8786,-422.1671
member2_canonical_tracks,constant_acceleration,ADE,45,1.8,1564,57.4201,108.5811,25.4437,145.4655,-352.9319
member2_canonical_tracks,core_ridge,horizon,5,0.2,1564,2.0192,3.9191,0.9178,4.7331,-3.3975
member2_canonical_tracks,core_ridge,horizon,10,0.4,1564,3.6123,6.8547,1.7114,8.8347,6.519
member2_canonical_tracks,core_ridge,horizon,15,0.6,1564,5.3686,10.4155,2.354,12.0858,14.9585
member2_canonical_tracks,core_ridge,horizon,30,1.2,1564,14.8348,32.8234,3.7814,49.5523,14.9195
member2_canonical_tracks,core_ridge,horizon,45,1.8,1564,30.0674,71.9899,4.885,127.8455,11.0983
member2_canonical_tracks,core_ridge,ADE,45,1.8,1564,11.1805,24.45,2.6954,41.3252,11.8081
member2_canonical_tracks,acceleration_ridge,horizon,5,0.2,1564,2.009,3.9008,0.9184,4.6537,-2.8755
member2_canonical_tracks,acceleration_ridge,horizon,10,0.4,1564,3.61,6.86,1.7139,8.7195,6.5766
member2_canonical_tracks,acceleration_ridge,horizon,15,0.6,1564,5.3899,10.4853,2.3482,12.1922,14.6205
member2_canonical_tracks,acceleration_ridge,horizon,30,1.2,1564,14.8201,32.7762,3.7835,49.1928,15.004
member2_canonical_tracks,acceleration_ridge,horizon,45,1.8,1564,30.0425,71.9094,4.8929,127.7542,11.1719
member2_canonical_tracks,acceleration_ridge,ADE,45,1.8,1564,11.1743,24.4482,2.6973,41.2271,11.8566
member2_canonical_tracks,history_ridge,horizon,5,0.2,1564,2.5669,5.2098,0.9205,6.9616,-31.4457
member2_canonical_tracks,history_ridge,horizon,10,0.4,1564,5.2977,11.0888,1.7037,16.9131,-37.098
member2_canonical_tracks,history_ridge,horizon,15,0.6,1564,8.7379,19.1389,2.3415,31.547,-38.4123
member2_canonical_tracks,history_ridge,horizon,30,1.2,1564,23.0943,56.0234,3.7185,105.5904,-32.4501
member2_canonical_tracks,history_ridge,horizon,45,1.8,1564,42.3738,106.3241,4.8153,220.5547,-25.2888
member2_canonical_tracks,history_ridge,ADE,45,1.8,1564,16.4141,39.1884,2.6481,78.2034,-29.4753
member2_canonical_tracks,full_ridge,horizon,5,0.2,1564,2.5638,5.2001,0.9206,7.2179,-31.2871
member2_canonical_tracks,full_ridge,horizon,10,0.4,1564,5.2904,11.0652,1.703,17.1052,-36.9089
member2_canonical_tracks,full_ridge,horizon,15,0.6,1564,8.7335,19.1192,2.3414,31.3209,-38.3436
member2_canonical_tracks,full_ridge,horizon,30,1.2,1564,23.0943,56.0233,3.7186,105.662,-32.4501
member2_canonical_tracks,full_ridge,horizon,45,1.8,1564,42.3642,106.298,4.8124,220.4891,-25.2604
member2_canonical_tracks,full_ridge,ADE,45,1.8,1564,16.4092,39.1749,2.6484,77.976,-29.4369
member2_canonical_tracks2,constant_velocity,horizon,5,0.1668,4017,2.8657,4.4864,2.1918,5.466,0.0
member2_canonical_tracks2,constant_velocity,horizon,10,0.3337,4017,5.7513,8.3832,4.3563,11.116,0.0
member2_canonical_tracks2,constant_velocity,horizon,15,0.5005,4017,9.384,12.7193,7.039,18.7952,0.0
member2_canonical_tracks2,constant_velocity,horizon,30,1.001,4017,29.7591,37.7867,23.7618,63.2175,0.0
member2_canonical_tracks2,constant_velocity,horizon,45,1.5015,4017,76.9966,99.8974,56.4082,177.5655,0.0
member2_canonical_tracks2,constant_velocity,ADE,45,1.5015,4017,24.9513,31.4414,19.1578,53.1245,0.0
member2_canonical_tracks2,constant_acceleration,horizon,5,0.1668,4017,8.8532,11.2726,7.4444,17.101,-208.9307
member2_canonical_tracks2,constant_acceleration,horizon,10,0.3337,4017,31.8618,39.7731,26.7198,62.1058,-453.9971
member2_canonical_tracks2,constant_acceleration,horizon,15,0.5005,4017,68.7797,85.8214,57.9708,133.538,-632.9485
member2_canonical_tracks2,constant_acceleration,horizon,30,1.001,4017,263.0559,329.8965,221.13,509.8246,-783.9509
member2_canonical_tracks2,constant_acceleration,horizon,45,1.5015,4017,594.8743,747.2579,493.2947,1163.2597,-672.5984
member2_canonical_tracks2,constant_acceleration,ADE,45,1.5015,4017,193.485,242.558,161.3455,377.5228,-675.4495
member2_canonical_tracks2,core_ridge,horizon,5,0.1668,4017,2.8669,4.4457,2.2545,5.3202,-0.042
member2_canonical_tracks2,core_ridge,horizon,10,0.3337,4017,5.6246,8.1472,4.4095,10.6547,2.2016
member2_canonical_tracks2,core_ridge,horizon,15,0.5005,4017,8.8592,11.9622,6.9164,17.4129,5.5924
member2_canonical_tracks2,core_ridge,horizon,30,1.001,4017,26.2512,33.38,20.6246,55.4942,11.7876
member2_canonical_tracks2,core_ridge,horizon,45,1.5015,4017,70.0903,91.4618,50.7078,160.7595,8.9696
member2_canonical_tracks2,core_ridge,ADE,45,1.5015,4017,22.7385,28.6335,17.6179,47.9873,8.8688
member2_canonical_tracks2,acceleration_ridge,horizon,5,0.1668,4017,2.8499,4.4226,2.2254,5.3061,0.5526
member2_canonical_tracks2,acceleration_ridge,horizon,10,0.3337,4017,5.5998,8.1145,4.38,10.639,2.6342
member2_canonical_tracks2,acceleration_ridge,horizon,15,0.5005,4017,8.8482,11.9406,6.9032,17.4013,5.7091
member2_canonical_tracks2,acceleration_ridge,horizon,30,1.001,4017,26.2761,33.4249,20.6407,55.7262,11.7039
member2_canonical_tracks2,acceleration_ridge,horizon,45,1.5015,4017,70.1104,91.5143,50.7546,160.9144,8.9435
member2_canonical_tracks2,acceleration_ridge,ADE,45,1.5015,4017,22.7369,28.6425,17.5751,48.073,8.875
member2_canonical_tracks2,history_ridge,horizon,5,0.1668,4017,2.8136,4.4046,2.2084,5.1935,1.8183
member2_canonical_tracks2,history_ridge,horizon,10,0.3337,4017,5.499,8.0489,4.2709,10.3574,4.3855
member2_canonical_tracks2,history_ridge,horizon,15,0.5005,4017,8.6124,11.7521,6.7553,16.7195,8.2226
member2_canonical_tracks2,history_ridge,horizon,30,1.001,4017,25.7911,32.9856,20.2196,54.389,13.3338
member2_canonical_tracks2,history_ridge,horizon,45,1.5015,4017,69.6013,91.1568,50.3211,160.6942,9.6047
member2_canonical_tracks2,history_ridge,ADE,45,1.5015,4017,22.4635,28.4388,17.0915,47.658,9.9708
member2_canonical_tracks2,full_ridge,horizon,5,0.1668,4017,2.8101,4.3963,2.2084,5.2097,1.9416
member2_canonical_tracks2,full_ridge,horizon,10,0.3337,4017,5.4919,8.0354,4.2603,10.3742,4.51
member2_canonical_tracks2,full_ridge,horizon,15,0.5005,4017,8.616,11.7476,6.7207,16.7149,8.1842
member2_canonical_tracks2,full_ridge,horizon,30,1.001,4017,25.8508,33.0542,20.214,54.5299,13.1331
member2_canonical_tracks2,full_ridge,horizon,45,1.5015,4017,69.6895,91.276,50.5256,160.8841,9.4901
member2_canonical_tracks2,full_ridge,ADE,45,1.5015,4017,22.4917,28.4752,17.0773,47.7223,9.8579
member2_canonical_tracks3,constant_velocity,horizon,5,0.2,4998,3.5755,4.899,2.5981,7.3895,0.0
member2_canonical_tracks3,constant_velocity,horizon,10,0.4,4998,7.0298,9.8653,4.9043,15.0603,0.0
member2_canonical_tracks3,constant_velocity,horizon,15,0.6,4998,11.4613,16.3867,7.6025,26.2882,0.0
member2_canonical_tracks3,constant_velocity,horizon,30,1.2,4998,30.0527,44.1407,18.4973,75.4442,0.0
member2_canonical_tracks3,constant_velocity,horizon,45,1.8,4998,55.1276,82.2124,33.0198,140.5788,0.0
member2_canonical_tracks3,constant_velocity,ADE,45,1.8,4998,21.4494,31.0789,13.417,52.3503,0.0
member2_canonical_tracks3,constant_acceleration,horizon,5,0.2,4998,4.9336,6.6704,3.7831,9.9239,-37.9829
member2_canonical_tracks3,constant_acceleration,horizon,10,0.4,4998,15.9942,21.5828,12.2743,32.3671,-127.5201
member2_canonical_tracks3,constant_acceleration,horizon,15,0.6,4998,34.7491,46.9086,26.4771,69.5874,-203.1861
member2_canonical_tracks3,constant_acceleration,horizon,30,1.2,4998,136.5619,185.2372,103.4292,273.5813,-354.4075
member2_canonical_tracks3,constant_acceleration,horizon,45,1.8,4998,307.0889,417.2834,232.3246,615.6223,-457.0513
member2_canonical_tracks3,constant_acceleration,ADE,45,1.8,4998,99.8655,135.1933,76.0024,199.9618,-365.5869
member2_canonical_tracks3,core_ridge,horizon,5,0.2,4998,3.095,4.2074,2.382,6.2107,13.4382
member2_canonical_tracks3,core_ridge,horizon,10,0.4,4998,5.0449,6.9228,3.9108,9.9006,28.2357
member2_canonical_tracks3,core_ridge,horizon,15,0.6,4998,7.0931,9.6702,5.4456,14.085,38.1125
member2_canonical_tracks3,core_ridge,horizon,30,1.2,4998,16.2521,22.7263,11.4282,34.7391,45.9214
member2_canonical_tracks3,core_ridge,horizon,45,1.8,4998,31.6789,47.5094,20.2657,73.5704,42.5353
member2_canonical_tracks3,core_ridge,ADE,45,1.8,4998,12.6328,17.4634,8.8222,26.712,41.1041
member2_canonical_tracks3,acceleration_ridge,horizon,5,0.2,4998,3.089,4.1954,2.3777,6.1101,13.6069
member2_canonical_tracks3,acceleration_ridge,horizon,10,0.4,4998,5.0254,6.8858,3.8929,9.8651,28.5127
member2_canonical_tracks3,acceleration_ridge,horizon,15,0.6,4998,7.063,9.6191,5.4252,13.986,38.3754
member2_canonical_tracks3,acceleration_ridge,horizon,30,1.2,4998,16.2468,22.7235,11.4289,34.7649,45.9389
member2_canonical_tracks3,acceleration_ridge,horizon,45,1.8,4998,31.6614,47.5072,20.2586,73.5704,42.567
member2_canonical_tracks3,acceleration_ridge,ADE,45,1.8,4998,12.6171,17.4368,8.8047,26.7292,41.1772
member2_canonical_tracks3,history_ridge,horizon,5,0.2,4998,3.3947,4.5473,2.5431,7.1608,5.0557
member2_canonical_tracks3,history_ridge,horizon,10,0.4,4998,5.2606,7.0354,4.1343,10.3808,25.1676
member2_canonical_tracks3,history_ridge,horizon,15,0.6,4998,6.872,9.3066,5.4123,13.4796,40.0419
member2_canonical_tracks3,history_ridge,horizon,30,1.2,4998,15.226,21.761,10.1912,33.6675,49.3356
member2_canonical_tracks3,history_ridge,horizon,45,1.8,4998,30.0818,45.8385,17.6571,72.588,45.4323
member2_canonical_tracks3,history_ridge,ADE,45,1.8,4998,12.167,16.7346,8.3921,26.0657,43.2756
member2_canonical_tracks3,full_ridge,horizon,5,0.2,4998,3.3917,4.5443,2.5396,7.1202,5.141
member2_canonical_tracks3,full_ridge,horizon,10,0.4,4998,5.256,7.0308,4.1206,10.4015,25.233
member2_canonical_tracks3,full_ridge,horizon,15,0.6,4998,6.8652,9.3014,5.4091,13.4765,40.1009
member2_canonical_tracks3,full_ridge,horizon,30,1.2,4998,15.2283,21.7664,10.1964,33.6743,49.3279
member2_canonical_tracks3,full_ridge,horizon,45,1.8,4998,30.0884,45.8384,17.7031,72.564,45.4204
member2_canonical_tracks3,full_ridge,ADE,45,1.8,4998,12.1659,16.7334,8.3846,26.0814,43.2808
member2_canonical_tracks4,constant_velocity,horizon,5,0.1667,19141,3.4754,5.1731,2.6508,6.8612,0.0
member2_canonical_tracks4,constant_velocity,horizon,10,0.3333,19141,6.7468,9.5719,5.0461,14.0073,0.0
member2_canonical_tracks4,constant_velocity,horizon,15,0.5,19141,11.3412,16.0777,7.8892,25.533,0.0
member2_canonical_tracks4,constant_velocity,horizon,30,1.0,19141,36.2076,57.3169,19.7449,94.8977,0.0
member2_canonical_tracks4,constant_velocity,horizon,45,1.5,19141,84.3678,144.8895,36.8084,239.4327,0.0
member2_canonical_tracks4,constant_velocity,ADE,45,1.5,19141,28.4278,45.1415,15.0755,76.0767,0.0
member2_canonical_tracks4,constant_acceleration,horizon,5,0.1667,19141,5.2978,8.1732,3.9612,10.094,-52.4337
member2_canonical_tracks4,constant_acceleration,horizon,10,0.3333,19141,17.0054,26.0706,12.5507,32.5274,-152.0506
member2_canonical_tracks4,constant_acceleration,horizon,15,0.5,19141,36.9428,56.4827,27.1778,71.447,-225.7408
member2_canonical_tracks4,constant_acceleration,horizon,30,1.0,19141,145.7093,221.4305,107.7915,279.9011,-302.4276
member2_canonical_tracks4,constant_acceleration,horizon,45,1.5,19141,331.2203,499.9481,245.7488,640.2075,-292.5908
member2_canonical_tracks4,constant_acceleration,ADE,45,1.5,19141,107.2351,162.0079,79.5618,205.7988,-277.2196
member2_canonical_tracks4,core_ridge,horizon,5,0.1667,19141,3.4503,5.2023,2.6398,6.6499,0.7231
member2_canonical_tracks4,core_ridge,horizon,10,0.3333,19141,6.291,9.2642,4.7775,12.3917,6.7562
member2_canonical_tracks4,core_ridge,horizon,15,0.5,19141,10.1799,14.8803,7.5232,21.1108,10.2396
member2_canonical_tracks4,core_ridge,horizon,30,1.0,19141,31.1756,48.2908,19.0396,74.8668,13.8975
member2_canonical_tracks4,core_ridge,horizon,45,1.5,19141,75.2875,127.1219,36.5457,201.7758,10.7628
member2_canonical_tracks4,core_ridge,ADE,45,1.5,19141,25.2769,39.1702,14.7143,61.8367,11.0839
member2_canonical_tracks4,acceleration_ridge,horizon,5,0.1667,19141,3.4551,5.1892,2.6364,6.661,0.5841
member2_canonical_tracks4,acceleration_ridge,horizon,10,0.3333,19141,6.3042,9.2225,4.7946,12.4578,6.5606
member2_canonical_tracks4,acceleration_ridge,horizon,15,0.5,19141,10.1919,14.7859,7.5142,21.1476,10.1336
member2_canonical_tracks4,acceleration_ridge,horizon,30,1.0,19141,31.1844,48.3089,19.0466,74.865,13.8733
member2_canonical_tracks4,acceleration_ridge,horizon,45,1.5,19141,75.2954,127.1313,36.5312,201.7758,10.7534
member2_canonical_tracks4,acceleration_ridge,ADE,45,1.5,19141,25.2862,39.1665,14.7207,61.8751,11.051
member2_canonical_tracks4,history_ridge,horizon,5,0.1667,19141,3.4707,5.2165,2.6201,6.749,0.1378
member2_canonical_tracks4,history_ridge,horizon,10,0.3333,19141,6.3173,9.2219,4.7788,12.5493,6.3663
member2_canonical_tracks4,history_ridge,horizon,15,0.5,19141,9.9835,14.3745,7.4114,20.3592,11.9709
member2_canonical_tracks4,history_ridge,horizon,30,1.0,19141,30.7202,47.7979,18.7779,73.4364,15.1553
member2_canonical_tracks4,history_ridge,horizon,45,1.5,19141,74.8287,126.7225,35.9581,199.7637,11.3066
member2_canonical_tracks4,history_ridge,ADE,45,1.5,19141,25.0641,38.8373,14.6326,60.994,11.8324
member2_canonical_tracks4,full_ridge,horizon,5,0.1667,19141,3.4646,5.2046,2.6136,6.7345,0.3116
member2_canonical_tracks4,full_ridge,horizon,10,0.3333,19141,6.3041,9.1983,4.7657,12.4971,6.5628
member2_canonical_tracks4,full_ridge,horizon,15,0.5,19141,9.969,14.3489,7.4016,20.3356,12.0988
member2_canonical_tracks4,full_ridge,horizon,30,1.0,19141,30.711,47.7135,18.7806,73.4778,15.1809
member2_canonical_tracks4,full_ridge,horizon,45,1.5,19141,74.8245,126.7173,35.9371,199.7073,11.3115
member2_canonical_tracks4,full_ridge,ADE,45,1.5,19141,25.0546,38.8096,14.6391,60.9876,11.8656
LOVO_macro,constant_velocity,horizon,5,0.1834,29720,2.9674,4.6111,2.0804,6.0369,0.0
LOVO_macro,constant_velocity,horizon,10,0.3667,29720,5.848,8.8645,3.9854,12.4649,0.0
LOVO_macro,constant_velocity,horizon,15,0.5501,29720,9.6248,14.5101,6.1981,22.121,0.0
LOVO_macro,constant_velocity,horizon,30,1.1002,29720,28.3639,44.877,16.4518,75.278,0.0
LOVO_macro,constant_velocity,horizon,45,1.6504,29720,62.5782,102.3783,32.8601,175.4197,0.0
LOVO_macro,constant_velocity,ADE,45,1.6504,29720,21.8765,34.1391,12.5898,58.3386,0.0
LOVO_macro,constant_acceleration,horizon,5,0.1834,29720,5.4749,7.8659,4.1221,11.0047,-85.8754
LOVO_macro,constant_acceleration,horizon,10,0.3667,29720,18.5382,26.2221,13.9151,37.6947,-218.5053
LOVO_macro,constant_acceleration,horizon,15,0.5501,29720,40.1112,56.759,30.1035,81.1229,-319.5649
LOVO_macro,constant_acceleration,horizon,30,1.1002,29720,155.9365,221.3684,116.7767,316.0635,-447.6332
LOVO_macro,constant_acceleration,horizon,45,1.6504,29720,352.4463,499.8363,262.1136,716.242,-461.1019
LOVO_macro,constant_acceleration,ADE,45,1.6504,29720,114.5014,162.0851,85.5883,232.1872,-417.797
LOVO_macro,core_ridge,horizon,5,0.1834,29720,2.8579,4.4436,2.0485,5.7285,2.6805
LOVO_macro,core_ridge,horizon,10,0.3667,29720,5.1432,7.7972,3.7023,10.4454,10.9281
LOVO_macro,core_ridge,horizon,15,0.5501,29720,7.8752,11.732,5.5598,16.1736,17.2258
LOVO_macro,core_ridge,horizon,30,1.1002,29720,22.1284,34.3051,13.7185,53.6631,21.6315
LOVO_macro,core_ridge,horizon,45,1.6504,29720,51.781,84.5208,28.101,140.9878,18.3415
LOVO_macro,core_ridge,ADE,45,1.6504,29720,17.9571,27.4293,10.9624,44.4653,18.2162
LOVO_macro,acceleration_ridge,horizon,5,0.1834,29720,2.8508,4.427,2.0395,5.6827,2.967
LOVO_macro,acceleration_ridge,horizon,10,0.3667,29720,5.1349,7.7707,3.6953,10.4203,11.071
LOVO_macro,acceleration_ridge,horizon,15,0.5501,29720,7.8733,11.7077,5.5477,16.1818,17.2097
LOVO_macro,acceleration_ridge,horizon,30,1.1002,29720,22.1319,34.3084,13.7249,53.6372,21.63
LOVO_macro,acceleration_ridge,horizon,45,1.6504,29720,51.7774,84.5155,28.1093,141.0037,18.3589
LOVO_macro,acceleration_ridge,ADE,45,1.6504,29720,17.9536,27.4235,10.9495,44.4761,18.24
LOVO_macro,history_ridge,horizon,5,0.1834,29720,3.0615,4.8446,2.073,6.5162,-6.1085
LOVO_macro,history_ridge,horizon,10,0.3667,29720,5.5937,8.8487,3.7219,12.5502,-0.2947
LOVO_macro,history_ridge,horizon,15,0.5501,29720,8.5514,13.643,5.4801,20.5263,5.4558
LOVO_macro,history_ridge,horizon,30,1.1002,29720,23.7079,39.642,13.2268,66.7708,11.3436
LOVO_macro,history_ridge,horizon,45,1.6504,29720,54.2214,92.5105,27.1879,163.4002,10.2637
LOVO_macro,history_ridge,ADE,45,1.6504,29720,19.0272,30.7998,10.6911,53.2303,8.9009
LOVO_macro,full_ridge,horizon,5,0.1834,29720,3.0576,4.8363,2.0705,6.5706,-5.9732
LOVO_macro,full_ridge,horizon,10,0.3667,29720,5.5856,8.8324,3.7124,12.5945,-0.1508
LOVO_macro,full_ridge,horizon,15,0.5501,29720,8.5459,13.6293,5.4682,20.462,5.5101
LOVO_macro,full_ridge,horizon,30,1.1002,29720,23.7211,39.6393,13.2274,66.836,11.298
LOVO_macro,full_ridge,horizon,45,1.6504,29720,54.2417,92.5324,27.2446,163.4111,10.2404
LOVO_macro,full_ridge,ADE,45,1.6504,29720,19.0304,30.7982,10.6874,53.1919,8.8919
